City ID,City,Country,Date,Lat,Lng,Max Temp,Humidity,Cloudiness,Wind Speed,Current Description,Rain inches (last 3hrs),Snow inches (last 3hrs)
0,Taoudenni,ML,2022-04-16 00:54:38,22.6783,-3.9836,76.32,19,0,13.47,clear sky,0.0,0.0
1,Saint-Louis,SN,2022-04-16 00:54:38,16.3333,-15.0,76.64,38,6,12.35,clear sky,0.0,0.0
2,Kalmunai,LK,2022-04-16 00:54:38,7.4167,81.8167,79.12,86,6,9.24,clear sky,0.0,0.0
3,Tucuman,AR,2022-04-16 00:54:39,-26.8241,-65.2226,60.8,88,0,2.3,clear sky,0.0,0.0
4,Tessalit,ML,2022-04-16 00:54:39,20.1986,1.0114,72.5,18,1,12.77,clear sky,0.0,0.0
5,Hermanus,ZA,2022-04-16 00:54:39,-34.4187,19.2345,56.8,69,55,15.08,broken clouds,0.0,0.0
6,Buala,SB,2022-04-16 00:54:39,-8.145,159.5921,83.37,69,100,6.6,overcast clouds,0.0,0.0
7,Thompson,CA,2022-04-16 00:54:40,55.7435,-97.8558,23.16,39,75,13.8,broken clouds,0.0,0.0
8,Sao Francisco De Assis,BR,2022-04-16 00:52:18,-29.5503,-55.1311,54.57,85,2,3.58,clear sky,0.0,0.0
9,Mataura,NZ,2022-04-16 00:54:40,-46.1927,168.8643,53.47,54,19,14.16,few clouds,0.0,0.0
10,Punta Arenas,CL,2022-04-16 00:54:41,-53.15,-70.9167,46.51,81,20,19.57,light rain,0.0,0.0
11,Ushuaia,AR,2022-04-16 00:51:47,-54.8,-68.3,44.26,76,40,24.16,scattered clouds,0.0,0.0
12,Vaini,TO,2022-04-16 00:54:41,-21.2,-175.2,84.36,70,20,10.36,few clouds,0.0,0.0
13,Pevek,RU,2022-04-16 00:54:42,69.7008,170.3133,19.04,85,62,3.24,broken clouds,0.0,0.0
14,Fortuna,US,2022-04-16 00:54:42,40.5982,-124.1573,47.08,79,100,2.42,light rain,0.0,0.0
15,Hobart,AU,2022-04-16 00:50:28,-42.8794,147.3294,61.02,66,75,8.05,broken clouds,0.0,0.0
16,Airai,TL,2022-04-16 00:54:42,-8.9266,125.4092,72.07,65,88,1.25,overcast clouds,0.0,0.0
17,Puerto Ayora,EC,2022-04-16 00:52:38,-0.7393,-90.3518,76.08,88,80,8.34,broken clouds,0.0,0.0
18,Souillac,MU,2022-04-16 00:54:43,-20.5167,57.5167,75.58,94,40,14.97,light rain,0.0,0.0
19,Majene,ID,2022-04-16 00:54:43,-3.5403,118.9707,84.25,73,97,5.08,moderate rain,0.0,0.0
20,Mao,ES,2022-04-16 00:54:44,39.8885,4.2658,52.36,93,0,3.44,clear sky,0.0,0.0
21,Jamestown,US,2022-04-16 00:54:44,42.097,-79.2353,53.53,41,100,8.05,overcast clouds,0.0,0.0
22,Adrar,MR,2022-04-16 00:54:44,20.5022,-10.0711,79.14,14,2,8.46,clear sky,0.0,0.0
23,Ornskoldsvik,SE,2022-04-16 00:54:44,63.2909,18.7153,25.75,100,75,2.3,broken clouds,0.0,0.0
24,Kosonsoy,UZ,2022-04-16 00:54:45,41.2561,71.5508,57.76,33,19,6.06,few clouds,0.0,0.0
25,Catuday,PH,2022-04-16 00:54:45,16.2923,119.8062,81.7,63,57,3.53,broken clouds,0.0,0.0
26,Yellowknife,CA,2022-04-16 00:50:33,62.456,-114.3525,21.72,49,75,6.91,broken clouds,0.0,0.0
27,Ferrol,ES,2022-04-16 00:54:46,43.4832,-8.2369,55.67,87,0,1.77,clear sky,0.0,0.0
28,Saint-Philippe,RE,2022-04-16 00:54:46,-21.3585,55.7679,72.21,85,48,14.99,light rain,0.0,0.0
29,Arlit,NE,2022-04-16 00:54:46,18.7369,7.3853,80.58,11,27,11.54,scattered clouds,0.0,0.0
30,Uyuni,BO,2022-04-16 00:54:47,-20.4597,-66.825,44.69,18,0,10.71,clear sky,0.0,0.0
31,Broken Hill,AU,2022-04-16 00:54:47,-31.95,141.4333,74.91,33,0,10.36,clear sky,0.0,0.0
32,Mangai,CD,2022-04-16 00:54:47,-4.05,19.5333,69.42,100,100,1.3,overcast clouds,0.0,0.0
33,Dikson,RU,2022-04-16 00:54:48,73.5069,80.5464,17.26,96,100,5.23,light snow,0.0,0.0
34,Husavik,IS,2022-04-16 00:54:48,66.0449,-17.3389,39.96,74,100,12.73,overcast clouds,0.0,0.0
35,Terrace Bay,CA,2022-04-16 00:54:48,48.7834,-87.1,25.97,79,100,15.57,overcast clouds,0.0,0.0
36,Barrow,US,2022-04-16 00:54:49,71.2906,-156.7887,5.52,83,7,22.39,clear sky,0.0,0.0
37,Wanning,CN,2022-04-16 00:54:49,18.8003,110.3967,78.85,80,76,9.62,broken clouds,0.0,0.0
38,Felipe Carrillo Puerto,MX,2022-04-16 00:54:49,19.5833,-88.05,76.01,77,5,4.92,clear sky,0.0,0.0
39,Hammerfest,NO,2022-04-16 00:54:50,70.6634,23.6821,36.05,75,100,8.05,overcast clouds,0.0,0.0
40,Rio Gallegos,AR,2022-04-16 00:54:50,-51.6226,-69.2181,46.45,71,0,17.27,clear sky,0.0,0.0
41,Tekeli,KZ,2022-04-16 00:54:51,44.83,78.8239,48.25,38,0,9.98,clear sky,0.0,0.0
42,Busselton,AU,2022-04-16 00:54:51,-33.65,115.3333,66.13,69,100,7.2,overcast clouds,0.0,0.0
43,Kruisfontein,ZA,2022-04-16 00:54:51,-34.0033,24.7314,52.88,75,85,3.67,light rain,0.0,0.0
44,Coquimbo,CL,2022-04-16 00:51:43,-29.9533,-71.3436,57.38,80,2,3.04,clear sky,0.0,0.0
45,Mehtar Lam,AF,2022-04-16 00:54:52,34.6714,70.2094,66.99,21,0,6.6,clear sky,0.0,0.0
46,Hilo,US,2022-04-16 00:52:03,19.7297,-155.09,83.28,87,100,9.22,light rain,0.0,0.0
47,Kahului,US,2022-04-16 00:54:52,20.8947,-156.47,77.97,86,92,13.0,overcast clouds,0.0,0.0
48,Kodiak,US,2022-04-16 00:54:52,57.79,-152.4072,36.52,99,100,15.5,light rain,0.0,0.0
49,Marsa Matruh,EG,2022-04-16 00:54:53,31.3525,27.2453,61.0,77,0,13.8,clear sky,0.0,0.0
50,Mount Gambier,AU,2022-04-16 00:54:53,-37.8333,140.7667,60.71,100,100,4.61,overcast clouds,0.0,0.0
51,Bredasdorp,ZA,2022-04-16 00:54:53,-34.5322,20.0403,57.97,61,98,10.71,overcast clouds,0.0,0.0
52,Laguna,US,2022-04-16 00:54:51,38.421,-121.4238,71.76,39,0,11.5,clear sky,0.0,0.0
53,Albany,US,2022-04-16 00:54:25,42.6001,-73.9662,59.45,37,71,1.01,broken clouds,0.0,0.0
54,Port Alfred,ZA,2022-04-16 00:54:54,-33.5906,26.891,59.9,70,100,6.08,light rain,0.0,0.0
55,Hithadhoo,MV,2022-04-16 00:54:54,-0.6,73.0833,82.51,69,35,2.35,scattered clouds,0.0,0.0
56,Kholm,RU,2022-04-16 00:54:55,59.2667,32.85,34.32,97,100,10.18,overcast clouds,0.0,0.0
57,New Norfolk,AU,2022-04-16 00:54:55,-42.7826,147.0587,61.66,58,100,1.01,overcast clouds,0.0,0.0
58,Thabazimbi,ZA,2022-04-16 00:54:13,-24.5917,27.4116,66.83,50,63,3.13,broken clouds,0.0,0.0
59,Torbay,CA,2022-04-16 00:54:55,47.6666,-52.7314,36.57,75,40,10.36,scattered clouds,0.0,0.0
60,Luwuk,ID,2022-04-16 00:54:56,-0.9516,122.7875,84.6,71,100,1.12,overcast clouds,0.0,0.0
61,Coelho Neto,BR,2022-04-16 00:54:56,-4.2567,-43.0128,73.54,99,100,2.46,overcast clouds,0.0,0.0
62,Lompoc,US,2022-04-16 00:54:57,34.6391,-120.4579,66.02,83,100,17.0,mist,0.0,0.0
63,Nouadhibou,MR,2022-04-16 00:54:57,20.931,-17.0347,62.58,94,0,11.5,clear sky,0.0,0.0
64,Laredo,US,2022-04-16 00:54:57,27.5064,-99.5075,88.09,55,0,14.97,clear sky,0.0,0.0
65,Buraydah,SA,2022-04-16 00:54:58,26.326,43.975,73.85,42,0,9.86,clear sky,0.0,0.0
66,Vestmannaeyjar,IS,2022-04-16 00:54:58,63.4427,-20.2734,47.14,86,28,34.14,scattered clouds,0.0,0.0
67,Lebu,CL,2022-04-16 00:54:58,-37.6167,-73.65,52.84,90,4,12.28,clear sky,0.0,0.0
68,Arraial Do Cabo,BR,2022-04-16 00:50:01,-22.9661,-42.0278,72.88,67,1,20.94,clear sky,0.0,0.0
69,San Andres,CO,2022-04-16 00:50:13,12.5847,-81.7006,82.42,74,20,9.22,few clouds,0.0,0.0
70,Izumo,JP,2022-04-16 00:55:00,35.3667,132.7667,55.29,54,75,17.27,broken clouds,0.0,0.0
71,Beringovskiy,RU,2022-04-16 00:55:01,63.05,179.3167,32.27,97,100,22.86,light snow,0.0,0.0
72,Rikitea,PF,2022-04-16 00:55:01,-23.1203,-134.9692,77.58,72,3,14.32,clear sky,0.0,0.0
73,Ancud,CL,2022-04-16 00:52:26,-41.8697,-73.8203,55.22,91,28,4.09,scattered clouds,0.0,0.0
74,Pitimbu,BR,2022-04-16 00:55:02,-7.4706,-34.8086,81.19,83,82,9.8,broken clouds,0.0,0.0
75,Chetumal,MX,2022-04-16 00:50:34,18.5,-88.3,80.62,70,8,11.59,clear sky,0.0,0.0
76,Butaritari,KI,2022-04-16 00:55:02,3.0707,172.7902,81.77,73,34,11.18,light rain,0.0,0.0
77,Zemio,CF,2022-04-16 00:55:03,5.0314,25.1361,69.55,92,100,4.5,overcast clouds,0.0,0.0
78,Buin,CL,2022-04-16 00:55:03,-33.7333,-70.75,64.06,57,2,2.19,clear sky,0.0,0.0
79,Ponta Do Sol,PT,2022-04-16 00:55:03,32.6667,-17.1,64.71,60,98,4.18,overcast clouds,0.0,0.0
80,Bluff,NZ,2022-04-16 00:55:04,-46.6,168.3333,53.8,65,28,35.21,scattered clouds,0.0,0.0
81,Kodinar,IN,2022-04-16 00:55:04,20.7903,70.7031,77.99,74,0,8.25,clear sky,0.0,0.0
82,Kapaa,US,2022-04-16 00:55:05,22.0752,-159.319,82.38,73,100,3.0,overcast clouds,0.0,0.0
83,Kroya,ID,2022-04-16 00:55:05,-7.6331,109.2461,81.36,80,63,1.81,broken clouds,0.0,0.0
84,Sambava,MG,2022-04-16 00:55:05,-14.2667,50.1667,77.0,87,82,11.36,moderate rain,0.0,0.0
85,Lindi,TZ,2022-04-16 00:55:06,-10.0,39.7167,73.35,98,94,4.45,overcast clouds,0.0,0.0
86,Shubarshi,KZ,2022-04-16 00:55:06,48.5872,57.1869,44.78,72,70,6.55,broken clouds,0.0,0.0
87,Qaanaaq,GL,2022-04-16 00:55:06,77.484,-69.3632,-5.78,94,100,5.12,overcast clouds,0.0,0.0
88,Khatanga,RU,2022-04-16 00:55:07,71.9667,102.5,19.81,84,100,10.29,overcast clouds,0.0,0.0
89,Espoo,FI,2022-04-16 00:55:07,60.25,24.6667,34.07,72,0,8.05,clear sky,0.0,0.0
90,Grand Gaube,MU,2022-04-16 00:55:08,-20.0064,57.6608,76.37,84,54,10.0,light rain,0.0,0.0
91,Mahon,ES,2022-04-16 00:55:08,39.8885,4.2658,52.36,93,0,3.44,clear sky,0.0,0.0
92,Kabare,CD,2022-04-16 00:55:08,-2.4683,28.8242,62.31,99,100,1.03,heavy intensity rain,0.0,0.0
93,Okahandja,NA,2022-04-16 00:55:09,-21.9833,16.9167,61.14,56,34,1.5,scattered clouds,0.0,0.0
94,Antsohihy,MG,2022-04-16 00:55:09,-14.8796,47.9875,77.41,72,0,8.34,clear sky,0.0,0.0
95,Nikolskoye,RU,2022-04-16 00:55:09,59.7035,30.7861,37.87,88,86,11.7,overcast clouds,0.0,0.0
96,Katsuura,JP,2022-04-16 00:55:10,35.1333,140.3,52.25,80,100,23.11,overcast clouds,0.0,0.0
97,Anadyr,RU,2022-04-16 00:55:10,64.75,177.4833,34.3,80,75,22.37,light snow,0.0,0.0
98,Kaitangata,NZ,2022-04-16 00:55:11,-46.2817,169.8464,57.27,50,4,20.22,clear sky,0.0,0.0
99,Narsaq,GL,2022-04-16 00:55:11,60.9167,-46.05,25.32,76,93,1.19,overcast clouds,0.0,0.0
100,Atuona,PF,2022-04-16 00:55:11,-9.8,-139.0333,79.18,77,16,15.7,few clouds,0.0,0.0
101,Sitka,US,2022-04-16 00:50:35,57.0531,-135.33,46.29,57,0,17.27,clear sky,0.0,0.0
102,Faanui,PF,2022-04-16 00:55:12,-16.4833,-151.75,82.4,69,0,16.08,clear sky,0.0,0.0
103,Belle Fourche,US,2022-04-16 00:55:12,44.6714,-103.8522,30.33,48,99,10.31,overcast clouds,0.0,0.0
104,Plettenberg Bay,ZA,2022-04-16 00:50:23,-34.0527,23.3716,58.05,72,94,7.27,overcast clouds,0.0,0.0
105,Dolores,AR,2022-04-16 00:55:13,-36.3132,-57.6792,51.73,91,0,7.14,clear sky,0.0,0.0
106,Iskateley,RU,2022-04-16 00:55:13,67.6803,53.1512,5.88,96,35,6.31,scattered clouds,0.0,0.0
107,Bethel,US,2022-04-16 00:55:13,41.3712,-73.414,58.35,43,0,8.99,clear sky,0.0,0.0
108,Zhigansk,RU,2022-04-16 00:55:14,66.7697,123.3711,8.47,88,74,11.79,broken clouds,0.0,0.0
109,Berlevag,NO,2022-04-16 00:55:14,70.8578,29.0864,37.2,98,100,21.7,overcast clouds,0.0,0.0
110,Rawah,IQ,2022-04-16 00:55:14,34.4816,41.9093,60.64,26,0,6.08,clear sky,0.0,0.0
111,Chuy,UY,2022-04-16 00:51:11,-33.6971,-53.4616,62.01,68,81,6.93,broken clouds,0.0,0.0
112,Saint George,US,2022-04-16 00:53:36,37.1041,-113.5841,77.63,16,0,9.22,clear sky,0.0,0.0
113,Avarua,CK,2022-04-16 00:55:15,-21.2078,-159.775,84.25,74,27,8.05,scattered clouds,0.0,0.0
114,Havre-Saint-Pierre,CA,2022-04-16 00:55:15,50.2334,-63.5986,32.36,100,100,9.22,overcast clouds,0.0,0.0
115,Port Shepstone,ZA,2022-04-16 00:55:15,-30.7414,30.455,64.87,85,100,17.2,light rain,0.0,0.0
116,Ossora,RU,2022-04-16 00:55:16,59.2353,163.0719,30.0,65,79,4.97,broken clouds,0.0,0.0
117,Novovasylivka,UA,2022-04-16 00:55:16,46.8315,35.7536,45.48,95,8,5.68,clear sky,0.0,0.0
118,Ponta Delgada,PT,2022-04-16 00:55:17,37.7333,-25.6667,61.52,88,20,4.61,few clouds,0.0,0.0
119,Luderitz,NA,2022-04-16 00:55:17,-26.6481,15.1594,57.85,67,0,13.58,clear sky,0.0,0.0
120,Cidreira,BR,2022-04-16 00:55:17,-30.1811,-50.2056,64.29,67,100,6.17,overcast clouds,0.0,0.0
121,Baykit,RU,2022-04-16 00:55:18,61.67,96.37,36.72,99,100,2.37,overcast clouds,0.0,0.0
122,Kingston,JM,2022-04-16 00:50:24,17.997,-76.7936,81.55,71,20,20.71,few clouds,0.0,0.0
123,Dingle,PH,2022-04-16 00:55:18,10.9995,122.6711,82.99,72,15,3.89,few clouds,0.0,0.0
124,Havre,FR,2022-04-16 00:55:18,49.5833,0.3333,51.57,82,28,4.61,scattered clouds,0.0,0.0
125,Tuktoyaktuk,CA,2022-04-16 00:55:19,69.4541,-133.0374,-5.8,71,20,4.61,few clouds,0.0,0.0
126,Newport,GB,2022-04-16 00:54:46,51.5877,-2.9984,53.64,87,4,3.02,clear sky,0.0,0.0
127,Verkhniy Lomov,RU,2022-04-16 00:55:19,53.4678,43.5511,39.47,73,79,5.5,broken clouds,0.0,0.0
128,Port Elizabeth,ZA,2022-04-16 00:53:28,-33.918,25.5701,57.49,79,0,4.61,clear sky,0.0,0.0
129,Hit,IQ,2022-04-16 00:55:19,33.6416,42.8251,62.6,21,3,5.99,clear sky,0.0,0.0
130,Bambous Virieux,MU,2022-04-16 00:55:20,-20.3428,57.7575,76.21,94,40,14.97,light rain,0.0,0.0
131,Hays,US,2022-04-16 00:55:20,30.0502,-98.0336,79.3,72,74,4.0,broken clouds,0.0,0.0
132,Saint-Denis,FR,2022-04-16 00:55:20,48.9167,2.3333,57.15,76,0,8.05,clear sky,0.0,0.0
133,Kashi,CN,2022-04-16 00:55:21,39.4547,75.9797,60.01,25,0,6.71,clear sky,0.0,0.0
134,Port Hardy,CA,2022-04-16 00:55:21,50.6996,-127.4199,48.38,49,75,10.36,broken clouds,0.0,0.0
135,Quata,BR,2022-04-16 00:55:22,-22.2475,-50.6983,59.61,67,0,4.43,clear sky,0.0,0.0
136,Kudahuvadhoo,MV,2022-04-16 00:55:22,2.6708,72.8944,83.39,72,77,3.78,broken clouds,0.0,0.0
137,Flin Flon,CA,2022-04-16 00:55:22,54.7682,-101.865,24.22,70,100,8.1,overcast clouds,0.0,0.0
138,Saint-Francois,FR,2022-04-16 00:55:24,46.4154,3.9054,51.42,87,0,2.3,clear sky,0.0,0.0
139,Cherskiy,RU,2022-04-16 00:52:31,68.75,161.3,20.28,93,100,6.73,overcast clouds,0.0,0.0
140,Muncar,ID,2022-04-16 00:55:25,-8.4333,114.3333,82.49,81,40,1.68,scattered clouds,0.0,0.0
141,Meulaboh,ID,2022-04-16 00:55:25,4.1363,96.1285,78.62,85,82,3.47,broken clouds,0.0,0.0
142,Vysokogornyy,RU,2022-04-16 00:55:26,50.1167,139.15,34.99,66,100,5.57,overcast clouds,0.0,0.0
143,Chokurdakh,RU,2022-04-16 00:55:26,70.6333,147.9167,11.12,88,100,6.04,overcast clouds,0.0,0.0
144,Aquiraz,BR,2022-04-16 00:51:09,-3.9014,-38.3911,83.17,82,44,3.71,scattered clouds,0.0,0.0
145,Kamenskiy,RU,2022-04-16 00:55:27,50.8855,45.488,43.21,71,88,4.43,overcast clouds,0.0,0.0
146,Rundu,NA,2022-04-16 00:55:27,-17.9333,19.7667,64.04,82,100,2.95,light rain,0.0,0.0
147,Weinan,CN,2022-04-16 00:55:27,34.5036,109.5089,51.21,64,100,4.03,overcast clouds,0.0,0.0
148,Tasiilaq,GL,2022-04-16 00:55:28,65.6145,-37.6368,36.66,98,100,12.17,moderate rain,0.0,0.0
149,Zhengjiatun,CN,2022-04-16 00:55:28,43.5064,123.5064,58.3,22,0,14.92,clear sky,0.0,0.0
150,Victoria,HK,2022-04-16 00:50:39,22.2855,114.1577,75.18,77,95,23.0,overcast clouds,0.0,0.0
151,Cape Town,ZA,2022-04-16 00:54:33,-33.9258,18.4232,59.11,65,0,14.97,clear sky,0.0,0.0
152,Tocopilla,CL,2022-04-16 00:55:29,-22.092,-70.1979,63.61,67,8,7.16,clear sky,0.0,0.0
153,Taltal,CL,2022-04-16 00:55:29,-25.4,-70.4833,61.03,78,0,3.56,clear sky,0.0,0.0
154,Lundazi,ZM,2022-04-16 00:55:29,-12.2929,33.1782,64.36,91,98,7.23,overcast clouds,0.0,0.0
155,Ryotsu,JP,2022-04-16 00:55:30,38.0833,138.4333,48.74,71,69,14.61,broken clouds,0.0,0.0
156,Gamba,GA,2022-04-16 00:55:30,-2.65,10.0,76.48,89,96,2.64,overcast clouds,0.0,0.0
157,Coihaique,CL,2022-04-16 00:55:31,-45.5752,-72.0662,52.41,76,40,3.44,scattered clouds,0.0,0.0
158,Dauphin,CA,2022-04-16 00:54:27,51.1494,-100.0502,21.34,58,0,10.36,clear sky,0.0,0.0
159,Carnarvon,AU,2022-04-16 00:55:31,-24.8667,113.6333,73.47,64,98,9.22,overcast clouds,0.0,0.0
160,Mar Del Plata,AR,2022-04-16 00:55:31,-38.0023,-57.5575,60.1,83,0,15.01,clear sky,0.0,0.0
161,Hajdusamson,HU,2022-04-16 00:55:32,47.6,21.7667,51.48,76,98,10.36,overcast clouds,0.0,0.0
162,Varhaug,NO,2022-04-16 00:55:32,58.6147,5.6457,38.89,79,62,7.81,broken clouds,0.0,0.0
163,Belaya Gora,RU,2022-04-16 00:55:32,68.5333,146.4167,13.78,80,100,2.95,overcast clouds,0.0,0.0
164,Sidney,AU,2022-04-16 00:50:42,-33.8679,151.2073,74.77,72,75,5.99,broken clouds,0.0,0.0
165,Ribeira Grande,PT,2022-04-16 00:55:33,38.5167,-28.7,61.2,77,40,8.05,scattered clouds,0.0,0.0
166,Salina,US,2022-04-16 00:55:33,38.8403,-97.6114,53.31,38,1,4.0,clear sky,0.0,0.0
167,Saskylakh,RU,2022-04-16 00:55:34,71.9167,114.0833,-2.0,95,67,7.47,broken clouds,0.0,0.0
168,Dogondoutchi,NE,2022-04-16 00:55:34,13.6393,4.0287,83.41,50,100,14.61,overcast clouds,0.0,0.0
169,Tiksi,RU,2022-04-16 00:55:34,71.6872,128.8694,-0.11,98,99,3.22,overcast clouds,0.0,0.0
170,Chaiyaphum,TH,2022-04-16 00:55:34,15.75,102.0,84.06,44,30,10.11,scattered clouds,0.0,0.0
171,Tuatapere,NZ,2022-04-16 00:55:35,-46.1333,167.6833,55.08,58,67,17.96,broken clouds,0.0,0.0
172,Yabrud,SY,2022-04-16 00:55:35,33.9674,36.6574,46.02,27,0,2.06,moderate rain,0.0,0.0
173,Port Augusta,AU,2022-04-16 00:55:35,-32.5,137.7667,81.77,26,0,3.11,clear sky,0.0,0.0
174,Pisco,PE,2022-04-16 00:55:36,-13.7,-76.2167,66.02,82,0,21.85,clear sky,0.0,0.0
175,Talavera,PH,2022-04-16 00:55:36,15.6167,120.9333,86.45,56,77,6.44,broken clouds,0.0,0.0
176,Georgetown,MY,2022-04-16 00:55:36,5.4112,100.3354,82.33,93,20,5.01,thunderstorm,0.0,0.0
177,Port Lincoln,AU,2022-04-16 00:55:37,-34.7333,135.8667,71.8,63,3,8.77,clear sky,0.0,0.0
178,Burley,US,2022-04-16 00:52:16,42.5357,-113.7928,45.19,52,100,6.91,overcast clouds,0.0,0.0
179,Conde,BR,2022-04-16 00:55:00,-7.2597,-34.9075,80.06,89,20,6.91,few clouds,0.0,0.0
180,Pangnirtung,CA,2022-04-16 00:55:37,66.1451,-65.7125,-4.02,88,4,5.73,clear sky,0.0,0.0
181,Senanga,ZM,2022-04-16 00:55:38,-16.1167,23.2667,69.66,83,100,2.53,overcast clouds,0.0,0.0
182,Saint-Paul,RE,2022-04-16 00:55:38,-21.0096,55.2707,77.36,83,52,1.66,light rain,0.0,0.0
183,Imbituba,BR,2022-04-16 00:51:11,-28.24,-48.6703,63.82,85,50,9.66,scattered clouds,0.0,0.0
184,Lalmohan,BD,2022-04-16 00:55:38,22.3384,90.7419,83.03,77,76,15.82,broken clouds,0.0,0.0
185,Sur,OM,2022-04-16 00:55:39,22.5667,59.5289,87.37,39,90,6.85,overcast clouds,0.0,0.0
186,Cabo San Lucas,MX,2022-04-16 00:53:15,22.8909,-109.9124,79.61,49,100,8.99,overcast clouds,0.0,0.0
187,Bam,IR,2022-04-16 00:55:39,29.106,58.357,74.03,31,21,2.51,few clouds,0.0,0.0
188,Karasjok,NO,2022-04-16 00:55:39,69.4719,25.5112,23.68,86,100,4.72,overcast clouds,0.0,0.0
189,Eten,PE,2022-04-16 00:55:40,-6.9081,-79.8642,67.21,84,89,15.43,overcast clouds,0.0,0.0
190,Atasu,KZ,2022-04-16 00:55:40,48.6814,71.6433,49.6,30,17,5.55,few clouds,0.0,0.0
191,Tevaitoa,PF,2022-04-16 00:55:40,-16.7833,-151.5,82.02,70,6,15.43,clear sky,0.0,0.0
192,Saint-Pierre,RE,2022-04-16 00:55:41,-21.3393,55.4781,76.91,83,0,9.22,clear sky,0.0,0.0
193,Bereda,ES,2022-04-16 00:55:41,43.2686,-7.5406,53.42,100,11,0.67,few clouds,0.0,0.0
194,Los Llanos De Aridane,ES,2022-04-16 00:53:40,28.6585,-17.9182,60.55,95,0,13.8,clear sky,0.0,0.0
195,Preobrazheniye,RU,2022-04-16 00:55:42,42.9019,133.9064,47.79,56,3,9.75,clear sky,0.0,0.0
196,Nushki,PK,2022-04-16 00:55:42,29.5542,66.0215,73.22,8,10,5.32,clear sky,0.0,0.0
197,Talavera De La Reina,ES,2022-04-16 00:55:42,39.9635,-4.8308,55.94,74,0,1.79,clear sky,0.0,0.0
198,Bubaque,GW,2022-04-16 00:51:39,11.2833,-15.8333,74.5,73,9,18.37,clear sky,0.0,0.0
199,Dunedin,NZ,2022-04-16 00:51:36,-45.8742,170.5036,60.8,44,0,20.0,clear sky,0.0,0.0
200,Petropavlovsk-Kamchatskiy,RU,2022-04-16 00:55:43,53.0452,158.6483,37.99,45,40,6.71,scattered clouds,0.0,0.0
201,Emerald,AU,2022-04-16 00:55:43,-23.5333,148.1667,78.94,50,0,8.05,clear sky,0.0,0.0
202,Bilibino,RU,2022-04-16 00:55:44,68.0546,166.4372,29.88,78,100,3.2,overcast clouds,0.0,0.0
203,Camopi,GF,2022-04-16 00:55:44,3.1655,-52.3158,72.95,95,100,2.95,overcast clouds,0.0,0.0
204,Esperance,AU,2022-04-16 00:55:44,-33.8667,121.9,64.24,65,88,12.53,overcast clouds,0.0,0.0
205,Provideniya,RU,2022-04-16 00:55:45,64.3833,-173.3,32.76,95,100,27.58,light snow,0.0,0.0
206,General Roca,AR,2022-04-16 00:55:45,-39.0333,-67.5833,66.47,24,0,4.09,clear sky,0.0,0.0
207,Manzhouli,CN,2022-04-16 00:55:45,49.6,117.4333,41.34,48,99,8.05,overcast clouds,0.0,0.0
208,Khuzhir,RU,2022-04-16 00:55:46,53.1939,107.3397,36.77,77,100,6.91,overcast clouds,0.0,0.0
209,La Romana,DO,2022-04-16 00:55:46,18.4273,-68.9728,77.36,78,20,6.91,few clouds,0.0,0.0
210,Kamenka,RU,2022-04-16 00:55:32,51.3223,42.7678,43.68,74,89,6.55,overcast clouds,0.0,0.0
211,Vestmanna,FO,2022-04-16 00:55:46,62.1564,-7.1664,45.52,100,100,10.36,drizzle,0.0,0.0
212,Fukue,JP,2022-04-16 00:55:47,32.6881,128.8419,55.76,67,75,19.57,broken clouds,0.0,0.0
213,Dinghai,CN,2022-04-16 00:55:47,26.2847,119.7936,61.72,62,98,22.68,overcast clouds,0.0,0.0
214,Flinders,AU,2022-04-16 00:55:47,-34.5833,150.8552,74.05,77,56,5.01,broken clouds,0.0,0.0
215,Ulaanbaatar,MN,2022-04-16 00:55:48,47.9077,106.8832,32.13,51,0,4.47,clear sky,0.0,0.0
216,Qasigiannguit,GL,2022-04-16 00:55:48,68.8193,-51.1922,-7.73,92,14,7.09,few clouds,0.0,0.0
217,Caravelas,BR,2022-04-16 00:55:49,-17.7125,-39.2481,75.6,78,100,13.96,moderate rain,0.0,0.0
218,Saint-Augustin,CA,2022-04-16 00:55:49,51.226,-58.6502,30.47,95,100,6.33,overcast clouds,0.0,0.0
219,Holovyne,UA,2022-04-16 00:55:49,50.4712,28.8253,47.05,96,100,6.24,overcast clouds,0.0,0.0
220,Isangel,VU,2022-04-16 00:55:50,-19.55,169.2667,87.91,74,40,4.61,scattered clouds,0.0,0.0
221,Lasa,IT,2022-04-16 00:55:50,46.6166,10.7002,47.7,92,46,7.23,scattered clouds,0.0,0.0
222,Moose Factory,CA,2022-04-16 00:55:50,51.2585,-80.6094,33.8,93,75,0.0,broken clouds,0.0,0.0
223,Jutai,BR,2022-04-16 00:55:51,-5.1833,-68.9,73.4,98,96,1.45,overcast clouds,0.0,0.0
224,Castro,BR,2022-04-16 00:55:51,-24.7911,-50.0119,50.2,62,0,3.87,clear sky,0.0,0.0
225,Asau,RO,2022-04-16 00:55:51,46.4333,26.4,52.95,75,91,2.64,overcast clouds,0.0,0.0
226,Jalu,LY,2022-04-16 00:51:59,29.0331,21.5482,76.32,14,94,30.31,overcast clouds,0.0,0.0
227,Japura,ID,2022-04-16 00:55:51,-0.3167,102.35,75.22,94,100,2.84,overcast clouds,0.0,0.0
228,Vostok,RU,2022-04-16 00:55:52,46.4856,135.8833,44.49,45,97,8.93,overcast clouds,0.0,0.0
229,Hay River,CA,2022-04-16 00:53:31,60.8156,-115.7999,21.18,68,75,11.5,broken clouds,0.0,0.0
230,San Cristobal,VE,2022-04-16 00:53:40,7.7669,-72.225,75.38,85,100,2.75,overcast clouds,0.0,0.0
231,San Fernando,PH,2022-04-16 00:55:52,15.0286,120.6898,76.73,59,33,3.74,scattered clouds,0.0,0.0
232,Opuwo,NA,2022-04-16 00:55:53,-18.0607,13.84,67.28,51,16,3.67,few clouds,0.0,0.0
233,Aklavik,CA,2022-04-16 00:55:53,68.2191,-135.0107,8.31,74,100,5.79,overcast clouds,0.0,0.0
234,Wattens,AT,2022-04-16 00:55:53,47.2722,11.5993,50.41,84,75,2.3,broken clouds,0.0,0.0
235,Manavalakurichi,IN,2022-04-16 00:55:54,8.1333,77.3,81.64,80,99,4.92,overcast clouds,0.0,0.0
236,Bonito,BR,2022-04-16 00:55:54,-21.1211,-56.4819,62.37,66,0,3.4,clear sky,0.0,0.0
237,Salinopolis,BR,2022-04-16 00:52:19,-0.6136,-47.3561,78.19,87,100,7.85,light rain,0.0,0.0
238,Iqaluit,CA,2022-04-16 00:53:41,63.7506,-68.5145,2.93,78,20,12.66,few clouds,0.0,0.0
239,Port Hedland,AU,2022-04-16 00:55:55,-20.3167,118.5667,91.45,29,11,11.5,few clouds,0.0,0.0
240,Vikulovo,RU,2022-04-16 00:55:55,56.8167,70.6107,50.7,59,100,11.7,overcast clouds,0.0,0.0
241,La Trinidad,PH,2022-04-16 00:55:56,16.455,120.5875,71.91,65,46,3.0,scattered clouds,0.0,0.0
242,Guerrero Negro,MX,2022-04-16 00:55:56,27.9769,-114.0611,62.55,67,100,16.17,overcast clouds,0.0,0.0
243,Klaksvik,FO,2022-04-16 00:55:56,62.2266,-6.589,47.32,98,100,14.52,overcast clouds,0.0,0.0
244,Faya,SA,2022-04-16 00:55:57,18.3851,42.4509,68.11,45,17,4.29,few clouds,0.0,0.0
245,Lufilufi,WS,2022-04-16 00:55:57,-13.8745,-171.5986,91.18,76,48,12.53,light rain,0.0,0.0
246,Billings,US,2022-04-16 00:53:26,45.7833,-108.5007,28.29,56,100,4.0,overcast clouds,0.0,0.0
247,Merauke,ID,2022-04-16 00:55:58,-8.4667,140.3333,83.3,76,87,11.39,overcast clouds,0.0,0.0
248,Dubovskoye,RU,2022-04-16 00:55:58,47.4092,42.7575,49.71,85,98,7.76,overcast clouds,0.0,0.0
249,Jacqueville,CI,2022-04-16 00:55:58,5.2052,-4.4146,80.55,82,98,6.58,light rain,0.0,0.0
250,Dali,CN,2022-04-16 00:53:05,25.7,100.1833,61.47,66,0,4.43,clear sky,0.0,0.0
251,Namibe,AO,2022-04-16 00:55:59,-15.1961,12.1522,70.81,79,14,4.45,few clouds,0.0,0.0
252,Nantucket,US,2022-04-16 00:55:52,41.2835,-70.0995,53.71,76,0,18.61,clear sky,0.0,0.0
253,Oslob,PH,2022-04-16 00:55:59,9.5211,123.4315,84.24,75,67,3.62,broken clouds,0.0,0.0
254,Cayenne,GF,2022-04-16 00:55:59,4.9333,-52.3333,81.09,1,75,1.99,broken clouds,0.0,0.0
255,Boffa,GN,2022-04-16 00:56:00,10.1667,-14.0333,72.5,83,6,1.92,clear sky,0.0,0.0
256,Inhambane,MZ,2022-04-16 00:56:00,-23.865,35.3833,77.29,93,73,7.56,broken clouds,0.0,0.0
257,Salisbury,GB,2022-04-16 00:53:15,51.0693,-1.7957,51.46,90,0,3.04,clear sky,0.0,0.0
258,Boa Vista,BR,2022-04-16 00:56:01,2.8197,-60.6733,76.98,88,75,3.44,broken clouds,0.0,0.0
259,Sinnamary,GF,2022-04-16 00:56:01,5.3833,-52.95,77.9,88,100,9.08,overcast clouds,0.0,0.0
260,Klyuchi,RU,2022-04-16 00:56:01,52.2667,79.1667,46.33,35,0,10.87,clear sky,0.0,0.0
261,Vurnary,RU,2022-04-16 00:56:02,55.4904,46.9648,29.73,88,100,3.69,overcast clouds,0.0,0.0
262,Longyearbyen,SJ,2022-04-16 00:56:02,78.2186,15.6401,30.04,93,75,2.3,light snow,0.0,0.0
263,Henties Bay,NA,2022-04-16 00:56:02,-22.116,14.2845,58.71,87,0,6.98,clear sky,0.0,0.0
264,Trincomalee,LK,2022-04-16 00:56:03,8.5711,81.2335,79.66,84,56,6.24,broken clouds,0.0,0.0
265,Fairbanks,US,2022-04-16 00:53:56,64.8378,-147.7164,36.3,35,0,18.41,clear sky,0.0,0.0
266,Rocha,UY,2022-04-16 00:56:03,-34.4833,-54.3333,54.84,88,2,1.77,clear sky,0.0,0.0
267,Bac Lieu,VN,2022-04-16 00:56:04,9.285,105.7244,83.86,74,83,7.76,broken clouds,0.0,0.0
268,Balkhash,KZ,2022-04-16 00:56:04,46.844,74.9804,46.85,37,0,13.38,clear sky,0.0,0.0
269,Hare Bay,CA,2022-04-16 00:56:05,48.8499,-54.0148,40.35,83,100,6.58,overcast clouds,0.0,0.0
270,Suhut,TR,2022-04-16 00:56:05,38.5311,30.5458,45.77,61,91,0.87,overcast clouds,0.0,0.0
271,Constitucion,CL,2022-04-16 00:56:05,-35.3333,-72.4167,50.72,91,0,8.01,clear sky,0.0,0.0
272,Vila Franca Do Campo,PT,2022-04-16 00:56:06,37.7167,-25.4333,61.21,88,21,4.14,few clouds,0.0,0.0
273,Lazaro Cardenas,MX,2022-04-16 00:56:06,17.9583,-102.2,77.61,67,93,6.42,overcast clouds,0.0,0.0
274,High Rock,BS,2022-04-16 00:56:07,26.6208,-78.2833,73.42,75,90,20.24,overcast clouds,0.0,0.0
275,Barabai,ID,2022-04-16 00:56:07,-2.5833,115.3833,80.83,86,100,1.21,overcast clouds,0.0,0.0
276,Palana,RU,2022-04-16 00:56:08,59.1167,159.9667,24.49,78,100,12.95,overcast clouds,0.0,0.0
277,Whitianga,NZ,2022-04-16 00:56:08,-36.8333,175.7,67.73,73,100,5.99,overcast clouds,0.0,0.0
278,Port Hawkesbury,CA,2022-04-16 00:56:08,45.6169,-61.3485,41.18,99,100,9.22,mist,0.0,0.0
279,Spencer,US,2022-04-16 00:56:09,43.1414,-95.1444,39.7,57,61,9.55,broken clouds,0.0,0.0
280,Dalvik,IS,2022-04-16 00:56:09,65.9702,-18.5286,49.93,69,100,12.06,overcast clouds,0.0,0.0
281,Do Gonbadan,IR,2022-04-16 00:56:09,30.3586,50.7981,68.09,49,0,0.0,clear sky,0.0,0.0
282,Doka,SD,2022-04-16 00:56:10,13.5167,35.7667,86.5,42,100,11.99,overcast clouds,0.0,0.0
283,Prince Rupert,CA,2022-04-16 00:53:34,54.3161,-130.3201,46.49,36,0,13.8,clear sky,0.0,0.0
284,La Ronge,CA,2022-04-16 00:53:36,55.1001,-105.2842,30.45,24,75,4.61,broken clouds,0.0,0.0
285,Camapua,BR,2022-04-16 00:56:10,-19.5314,-54.0439,67.17,79,0,6.31,clear sky,0.0,0.0
286,Jiblah,YE,2022-04-16 00:56:11,13.9216,44.1467,61.77,32,43,2.91,scattered clouds,0.0,0.0
287,Baie-Saint-Paul,CA,2022-04-16 00:52:00,47.4411,-70.4986,40.98,78,97,4.56,overcast clouds,0.0,0.0
288,Biak,ID,2022-04-16 00:56:11,-0.9131,122.8766,81.57,73,100,1.52,overcast clouds,0.0,0.0
289,Salalah,OM,2022-04-16 00:56:12,17.0151,54.0924,76.53,55,0,1.97,clear sky,0.0,0.0
290,Camocim,BR,2022-04-16 00:56:13,-2.9022,-40.8411,78.31,85,69,5.66,broken clouds,0.0,0.0
291,Hambantota,LK,2022-04-16 00:56:13,6.1241,81.1185,77.34,100,20,0.0,few clouds,0.0,0.0
292,Miraflores,MX,2022-04-16 00:56:14,19.2167,-98.8083,77.04,57,63,4.09,broken clouds,0.0,0.0
293,Hasaki,JP,2022-04-16 00:54:53,35.7333,140.8333,52.29,82,100,31.09,overcast clouds,0.0,0.0
294,Pokhara,NP,2022-04-16 00:55:16,28.2333,83.9833,72.48,22,0,6.64,clear sky,0.0,0.0
295,San Quintin,MX,2022-04-16 00:56:14,30.4833,-115.95,61.74,74,91,13.42,overcast clouds,0.0,0.0
296,Churapcha,RU,2022-04-16 00:56:15,62.0025,132.4325,26.69,79,72,4.92,broken clouds,0.0,0.0
297,San Patricio,US,2022-04-16 00:51:16,28.017,-97.5169,80.69,81,20,13.4,few clouds,0.0,0.0
298,Alihe,CN,2022-04-16 00:56:15,50.5667,123.7167,38.93,23,0,14.43,clear sky,0.0,0.0
299,Hami,CN,2022-04-16 00:56:15,42.8,93.45,45.09,39,47,5.08,scattered clouds,0.0,0.0
300,Linqiong,CN,2022-04-16 00:56:16,30.4159,103.4609,49.82,90,100,3.33,overcast clouds,0.0,0.0
301,Champerico,GT,2022-04-16 00:52:26,14.3,-91.9167,88.34,69,33,8.55,scattered clouds,0.0,0.0
302,Pangai,TO,2022-04-16 00:52:19,-19.8,-174.35,78.91,89,100,6.91,overcast clouds,0.0,0.0
303,Rapid Valley,US,2022-04-16 00:56:16,44.0625,-103.1463,31.77,56,92,8.01,overcast clouds,0.0,0.0
304,Batamshinskiy,KZ,2022-04-16 00:56:17,50.5594,58.2747,41.4,88,30,13.78,scattered clouds,0.0,0.0
305,Tomatlan,MX,2022-04-16 00:56:17,19.9333,-105.25,76.75,63,100,4.72,overcast clouds,0.0,0.0
306,Sao Joao Da Barra,BR,2022-04-16 00:56:18,-21.6403,-41.0511,72.23,63,99,15.97,overcast clouds,0.0,0.0
307,Tura,IN,2022-04-16 00:56:18,25.5198,90.2201,75.38,92,98,9.93,overcast clouds,0.0,0.0
308,Burgeo,CA,2022-04-16 00:56:18,47.6167,-57.6152,37.02,92,100,21.05,overcast clouds,0.0,0.0
309,Nanortalik,GL,2022-04-16 00:56:19,60.1432,-45.2371,26.38,79,98,12.86,overcast clouds,0.0,0.0
310,Matara,LK,2022-04-16 00:56:19,5.9485,80.5353,78.82,84,34,1.95,scattered clouds,0.0,0.0
311,Alofi,NU,2022-04-16 00:56:19,-19.0595,-169.9187,78.69,94,20,5.75,few clouds,0.0,0.0
312,Mehamn,NO,2022-04-16 00:56:20,71.0357,27.8492,35.49,98,100,21.47,light rain,0.0,0.0
313,Grand-Santi,GF,2022-04-16 00:56:20,4.25,-54.3833,73.09,98,100,2.44,overcast clouds,0.0,0.0
314,Porterville,US,2022-04-16 00:56:20,36.0652,-119.0168,78.51,34,20,3.83,few clouds,0.0,0.0
315,Manakara,MG,2022-04-16 00:56:21,-22.1333,48.0167,74.68,90,74,6.2,light rain,0.0,0.0
316,Teguise,ES,2022-04-16 00:56:21,29.0605,-13.564,66.42,60,0,21.85,clear sky,0.0,0.0
317,Bonthe,SL,2022-04-16 00:56:21,7.5264,-12.505,77.49,86,29,3.13,scattered clouds,0.0,0.0
318,Shestakovo,RU,2022-04-16 00:56:22,56.4915,103.96,39.0,82,100,2.33,overcast clouds,0.0,0.0
319,Touros,BR,2022-04-16 00:55:22,-5.1989,-35.4608,80.28,81,96,9.1,overcast clouds,0.0,0.0
320,Yerbogachen,RU,2022-04-16 00:56:22,61.2767,108.0108,26.64,77,100,4.45,overcast clouds,0.0,0.0
321,Safaga,EG,2022-04-16 00:56:22,26.7292,33.9365,73.89,38,0,10.4,clear sky,0.0,0.0
322,East London,ZA,2022-04-16 00:56:23,-33.0153,27.9116,61.34,68,100,6.11,overcast clouds,0.0,0.0
323,Itarema,BR,2022-04-16 00:56:23,-2.9248,-39.9167,77.97,84,64,4.72,broken clouds,0.0,0.0
324,Maniwaki,CA,2022-04-16 00:51:33,46.3834,-75.966,39.58,87,94,13.8,overcast clouds,0.0,0.0
325,Wawa,NG,2022-04-16 00:56:23,9.9022,4.4192,76.32,75,100,9.44,light rain,0.0,0.0
326,Ola,RU,2022-04-16 00:56:24,59.5833,151.2833,28.15,67,100,5.03,overcast clouds,0.0,0.0
327,Guiratinga,BR,2022-04-16 00:56:24,-16.3494,-53.7583,72.5,79,45,1.19,scattered clouds,0.0,0.0
328,Wundanyi,KE,2022-04-16 00:56:25,-3.4019,38.364,61.38,91,100,3.96,overcast clouds,0.0,0.0
329,Karratha,AU,2022-04-16 00:56:25,-20.7377,116.8463,89.73,48,25,7.7,scattered clouds,0.0,0.0
330,Manaure,CO,2022-04-16 00:56:25,11.7751,-72.4445,80.17,75,12,21.94,few clouds,0.0,0.0
331,Mayo,US,2022-04-16 00:56:13,38.8876,-76.5119,63.91,43,0,14.97,clear sky,0.0,0.0
332,Khokhryaki,RU,2022-04-16 00:56:26,56.9156,53.3221,31.05,92,100,5.01,overcast clouds,0.0,0.0
333,Clyde River,CA,2022-04-16 00:56:26,70.4692,-68.5914,-14.57,76,0,11.5,clear sky,0.0,0.0
334,Port Moresby,PG,2022-04-16 00:56:26,-9.4431,147.1797,87.22,70,40,11.5,haze,0.0,0.0
335,Kirakira,SB,2022-04-16 00:56:27,-10.4544,161.9205,84.9,69,62,6.06,broken clouds,0.0,0.0
336,Poum,NC,2022-04-16 00:56:27,-20.2333,164.0167,77.99,71,13,11.52,few clouds,0.0,0.0
337,Rio Grande,BR,2022-04-16 00:56:27,-32.035,-52.0986,65.35,57,97,9.73,overcast clouds,0.0,0.0
338,Amga,RU,2022-04-16 00:56:28,60.8953,131.9608,29.35,67,100,5.39,overcast clouds,0.0,0.0
339,Portland,US,2022-04-16 00:53:27,45.5234,-122.6762,55.62,42,20,4.0,few clouds,0.0,0.0
340,Marzuq,YE,2022-04-16 00:56:28,14.4,46.4667,67.55,27,6,5.79,clear sky,0.0,0.0
341,Nokaneng,BW,2022-04-16 00:56:29,-19.6667,22.2667,68.31,74,85,2.71,overcast clouds,0.0,0.0
342,Vanavara,RU,2022-04-16 00:56:29,60.34,102.2797,37.27,94,100,4.21,overcast clouds,0.0,0.0
343,Codrington,AU,2022-04-16 00:56:29,-38.2667,141.9667,71.24,55,12,2.21,few clouds,0.0,0.0
344,Bhaktapur,NP,2022-04-16 00:56:29,27.6833,85.4167,60.94,59,20,3.44,mist,0.0,0.0
345,Harrisonburg,US,2022-04-16 00:52:50,38.4496,-78.8689,62.98,23,0,8.05,clear sky,0.0,0.0
346,Gao,ML,2022-04-16 00:56:30,16.6362,1.637,81.81,11,100,11.48,overcast clouds,0.0,0.0
347,Bathsheba,BB,2022-04-16 00:56:30,13.2167,-59.5167,79.41,78,20,19.57,few clouds,0.0,0.0
348,Remontnoye,RU,2022-04-16 00:56:31,46.5614,43.6501,44.92,95,30,8.28,scattered clouds,0.0,0.0
349,Riyadh,SA,2022-04-16 00:52:19,24.6877,46.7219,78.94,29,90,6.13,overcast clouds,0.0,0.0
350,Macklin,CA,2022-04-16 00:56:31,52.3334,-109.9348,26.94,77,100,7.36,overcast clouds,0.0,0.0
351,Liverpool,GB,2022-04-16 00:56:31,53.4106,-2.9779,52.29,89,0,1.14,clear sky,0.0,0.0
352,Roswell,US,2022-04-16 00:56:32,34.0232,-84.3616,69.55,43,25,6.93,scattered clouds,0.0,0.0
353,Westport,US,2022-04-16 00:53:32,41.1415,-73.3579,58.64,52,0,15.01,clear sky,0.0,0.0
354,Borodino,RU,2022-04-16 00:56:32,55.9106,94.8983,42.69,63,99,5.21,overcast clouds,0.0,0.0
355,Ciudad Bolivar,VE,2022-04-16 00:56:33,8.1222,-63.5497,82.8,61,94,15.7,overcast clouds,0.0,0.0
356,Mosquera,CO,2022-04-16 00:55:40,4.7059,-74.2302,62.69,59,20,4.61,few clouds,0.0,0.0
357,Dukat,RU,2022-04-16 00:56:33,62.55,155.55,15.64,86,100,5.93,overcast clouds,0.0,0.0
358,Ewa Beach,US,2022-04-16 00:56:33,21.3156,-158.0072,78.1,72,100,11.5,overcast clouds,0.0,0.0
359,Turukhansk,RU,2022-04-16 00:56:34,65.8167,87.9833,32.52,100,100,4.7,snow,0.0,0.0
360,Uvira,CD,2022-04-16 00:56:34,-3.4067,29.1458,72.5,89,100,4.12,light rain,0.0,0.0
361,Elizabethtown,US,2022-04-16 00:56:35,37.694,-85.8591,58.01,76,100,0.0,light intensity drizzle,0.0,0.0
362,Mahebourg,MU,2022-04-16 00:56:35,-20.4081,57.7,76.24,94,40,14.97,scattered clouds,0.0,0.0
363,Vasterhaninge,SE,2022-04-16 00:56:35,59.1167,18.1,32.85,75,96,7.43,overcast clouds,0.0,0.0
364,Muana,BR,2022-04-16 00:56:36,-1.5283,-49.2167,74.86,95,100,4.16,overcast clouds,0.0,0.0
365,Aksay,RU,2022-04-16 00:56:36,47.26,39.87,48.25,83,85,8.01,overcast clouds,0.0,0.0
366,Shingu,JP,2022-04-16 00:56:36,33.7333,135.9833,59.27,44,89,5.88,overcast clouds,0.0,0.0
367,Kavaratti,IN,2022-04-16 00:56:37,10.5669,72.642,83.32,72,93,2.53,overcast clouds,0.0,0.0
368,Vao,NC,2022-04-16 00:56:37,-22.6667,167.4833,75.54,80,90,4.5,overcast clouds,0.0,0.0
369,Lagdo,CM,2022-04-16 00:56:38,9.05,13.7333,82.87,50,97,1.66,overcast clouds,0.0,0.0
370,Braganca,BR,2022-04-16 00:53:54,-1.0536,-46.7656,73.83,97,100,1.21,overcast clouds,0.0,0.0
371,Srednekolymsk,RU,2022-04-16 00:56:38,67.45,153.6833,17.24,78,100,3.89,overcast clouds,0.0,0.0
372,Yumen,CN,2022-04-16 00:56:38,40.2833,97.2,38.7,27,0,24.36,clear sky,0.0,0.0
373,Kasongo-Lunda,CD,2022-04-16 00:56:39,-6.4667,16.8167,67.59,99,36,0.2,scattered clouds,0.0,0.0
374,Makungu,TZ,2022-04-16 00:56:39,-8.7333,35.2833,63.93,99,100,3.09,overcast clouds,0.0,0.0
375,Glenwood Springs,US,2022-04-16 00:56:39,39.5505,-107.3248,49.23,47,100,12.66,overcast clouds,0.0,0.0
376,Daura,NG,2022-04-16 00:56:40,11.5538,11.4085,81.46,51,100,8.81,overcast clouds,0.0,0.0
377,Praia,CV,2022-04-16 00:53:42,14.9215,-23.5087,69.06,82,5,11.23,clear sky,0.0,0.0
378,Ca Mau,VN,2022-04-16 00:56:16,9.1769,105.15,84.07,73,99,5.66,overcast clouds,0.0,0.0
379,Virginia Beach,US,2022-04-16 00:55:50,36.8529,-75.978,61.02,53,75,6.91,broken clouds,0.0,0.0
380,Nenjiang,CN,2022-04-16 00:56:40,49.1833,125.2167,42.33,30,3,15.88,clear sky,0.0,0.0
381,Kosa,RU,2022-04-16 00:56:41,59.9445,54.9977,24.53,94,99,9.24,overcast clouds,0.0,0.0
382,Aripuana,BR,2022-04-16 00:56:41,-9.1667,-60.6333,73.47,98,100,0.81,overcast clouds,0.0,0.0
383,Maniitsoq,GL,2022-04-16 00:56:41,65.4167,-52.9,21.0,57,100,7.09,overcast clouds,0.0,0.0
384,Geraldton,AU,2022-04-16 00:56:42,-28.7667,114.6,66.61,94,0,9.22,clear sky,0.0,0.0
385,Saldanha,ZA,2022-04-16 00:56:42,-33.0117,17.9442,53.65,61,3,16.15,clear sky,0.0,0.0
386,Visby,SE,2022-04-16 00:56:42,57.6409,18.296,35.82,80,3,9.22,clear sky,0.0,0.0
387,Sanandaj,IR,2022-04-16 00:56:43,35.3144,46.9923,51.62,22,100,3.76,overcast clouds,0.0,0.0
388,San Rafael Del Sur,NI,2022-04-16 00:56:43,11.8485,-86.4384,88.77,48,100,15.55,overcast clouds,0.0,0.0
389,Santa Isabel Do Rio Negro,BR,2022-04-16 00:56:43,-0.4139,-65.0192,72.73,99,100,3.33,overcast clouds,0.0,0.0
390,Kargasok,RU,2022-04-16 00:56:44,59.0556,80.8572,40.6,79,80,10.89,broken clouds,0.0,0.0
391,Lavrentiya,RU,2022-04-16 00:56:44,65.5833,-171.0,29.3,95,100,14.54,light snow,0.0,0.0
392,Karoi,ZW,2022-04-16 00:56:45,-16.8099,29.6925,64.38,87,99,5.55,overcast clouds,0.0,0.0
393,Kavieng,PG,2022-04-16 00:56:45,-2.5744,150.7967,84.24,72,16,9.35,light rain,0.0,0.0
394,Deputatskiy,RU,2022-04-16 00:56:45,69.3,139.9,8.71,72,100,2.62,overcast clouds,0.0,0.0
395,Upernavik,GL,2022-04-16 00:56:46,72.7868,-56.1549,-15.79,99,44,6.73,scattered clouds,0.0,0.0
396,Tirumullaivasal,IN,2022-04-16 00:56:46,11.2333,79.8333,82.96,77,39,10.67,scattered clouds,0.0,0.0
397,Ust-Nera,RU,2022-04-16 00:56:46,64.5667,143.2,16.11,82,90,4.05,overcast clouds,0.0,0.0
398,Lazi,UA,2022-04-16 00:56:47,48.0667,24.2333,46.9,92,97,2.19,overcast clouds,0.0,0.0
399,Okhotsk,RU,2022-04-16 00:56:47,59.3833,143.3,23.54,77,35,5.48,scattered clouds,0.0,0.0
400,Krasnoselkup,RU,2022-04-16 00:56:48,65.7,82.4667,29.28,98,100,6.26,snow,0.0,0.0
401,Sault Sainte Marie,CA,2022-04-16 00:54:57,46.5168,-84.3333,28.69,63,100,20.71,overcast clouds,0.0,0.0
402,Nieuwpoort,BE,2022-04-16 00:56:48,51.1244,2.7735,49.01,90,75,9.22,mist,0.0,0.0
403,Baturaja,ID,2022-04-16 00:56:48,-4.1333,104.1667,75.11,97,100,1.77,overcast clouds,0.0,0.0
404,Shiyan,CN,2022-04-16 00:56:49,32.6475,110.7781,49.32,78,100,1.14,overcast clouds,0.0,0.0
405,Buturlino,RU,2022-04-16 00:56:49,55.5667,44.8974,33.22,79,100,5.32,overcast clouds,0.0,0.0
406,Imeni Poliny Osipenko,RU,2022-04-16 00:56:49,52.4201,136.4853,34.03,92,100,1.99,light snow,0.0,0.0
407,Shimoda,JP,2022-04-16 00:56:49,34.6667,138.95,53.96,86,100,13.82,overcast clouds,0.0,0.0
408,Porto Novo,BJ,2022-04-16 00:56:50,6.4965,2.6036,84.02,82,100,6.02,overcast clouds,0.0,0.0
409,Kachiry,KZ,2022-04-16 00:56:50,53.0675,76.1036,49.82,47,13,9.73,few clouds,0.0,0.0
410,Mauganj,IN,2022-04-16 00:56:50,24.6833,81.8833,83.86,14,2,3.71,clear sky,0.0,0.0
411,Lorengau,PG,2022-04-16 00:56:51,-2.0226,147.2712,84.94,70,48,6.08,scattered clouds,0.0,0.0
412,Torres,BR,2022-04-16 00:56:51,-29.3353,-49.7269,57.83,74,85,8.3,overcast clouds,0.0,0.0
413,Zheleznodorozhnyy,RU,2022-04-16 00:56:52,55.7503,38.0042,43.32,97,100,4.21,moderate rain,0.0,0.0
414,Springdale,US,2022-04-16 00:56:52,36.1867,-94.1288,69.93,95,44,3.33,scattered clouds,0.0,0.0
415,Bongor,TD,2022-04-16 00:56:52,10.2806,15.3722,87.1,45,100,4.34,overcast clouds,0.0,0.0
416,Itapecerica,BR,2022-04-16 00:56:52,-20.4725,-45.1256,61.29,95,0,4.97,clear sky,0.0,0.0
417,Norman Wells,CA,2022-04-16 00:52:22,65.282,-126.8329,14.04,48,40,12.66,scattered clouds,0.0,0.0
418,Avera,US,2022-04-16 00:56:50,33.194,-82.5271,69.31,58,23,9.51,few clouds,0.0,0.0
419,Tautira,PF,2022-04-16 00:56:53,-17.7333,-149.15,80.53,75,10,14.58,light rain,0.0,0.0
420,Duiwelskloof,ZA,2022-04-16 00:56:53,-23.6934,30.14,63.86,88,16,7.11,few clouds,0.0,0.0
421,Berezovyy,RU,2022-04-16 00:56:54,51.6667,135.7,35.6,85,96,3.47,overcast clouds,0.0,0.0
422,Sagarejo,GE,2022-04-16 00:56:54,41.734,45.3315,46.83,75,15,5.23,few clouds,0.0,0.0
423,Igarka,RU,2022-04-16 00:56:54,67.4667,86.5833,22.33,95,100,6.91,overcast clouds,0.0,0.0
424,Hendrina,ZA,2022-04-16 00:56:55,-26.1588,29.7153,54.41,90,69,14.72,broken clouds,0.0,0.0
425,Acapulco,MX,2022-04-16 00:56:55,16.8634,-99.8901,80.38,64,10,6.8,clear sky,0.0,0.0
426,Aberdeen,GB,2022-04-16 00:56:55,57.1437,-2.0981,49.5,95,100,13.8,overcast clouds,0.0,0.0
427,Little Current,CA,2022-04-16 00:56:56,45.9793,-81.9248,32.05,79,72,15.95,broken clouds,0.0,0.0
428,Tabanan,ID,2022-04-16 00:56:56,-8.5413,115.1252,81.0,81,52,1.43,broken clouds,0.0,0.0
429,Oranjestad,AW,2022-04-16 00:56:56,12.524,-70.027,80.55,78,20,25.32,few clouds,0.0,0.0
430,Esmeraldas,BR,2022-04-16 00:56:57,-19.7625,-44.3139,68.86,91,0,3.31,clear sky,0.0,0.0
431,Akyab,MM,2022-04-16 00:56:57,20.15,92.9,84.52,69,49,5.26,scattered clouds,0.0,0.0
432,Livingstonia,MW,2022-04-16 00:56:57,-10.606,34.1063,63.3,89,92,0.98,overcast clouds,0.0,0.0
433,Lincoln,US,2022-04-16 00:53:49,40.8,-96.667,48.16,36,0,14.97,clear sky,0.0,0.0
434,Saint-Joseph,RE,2022-04-16 00:56:58,-21.3667,55.6167,71.2,82,24,13.8,light rain,0.0,0.0
435,Mecca,SA,2022-04-16 00:53:38,21.4267,39.8261,80.11,34,0,3.8,clear sky,0.0,0.0
436,Bandar-E Lengeh,IR,2022-04-16 00:56:58,26.5579,54.8807,89.71,19,51,4.61,haze,0.0,0.0
437,Brejo,BR,2022-04-16 00:56:59,-3.6844,-42.7503,74.01,98,100,3.56,overcast clouds,0.0,0.0
438,Mitsamiouli,KM,2022-04-16 00:56:59,-11.3847,43.2844,81.9,79,18,9.66,light rain,0.0,0.0
439,Mumford,GH,2022-04-16 00:56:59,5.2618,-0.759,80.19,83,100,6.49,light rain,0.0,0.0
440,Amahai,ID,2022-04-16 00:57:00,-3.3333,128.9167,86.43,59,99,1.1,overcast clouds,0.0,0.0
441,Samana,DO,2022-04-16 00:57:00,19.2056,-69.3369,74.26,86,11,11.12,few clouds,0.0,0.0
442,Moba,CN,2022-04-16 00:57:00,33.2288,105.0179,38.14,80,100,2.57,overcast clouds,0.0,0.0
443,Muros,ES,2022-04-16 00:57:01,42.7762,-9.0603,50.85,91,3,1.79,clear sky,0.0,0.0
444,Kahta,TR,2022-04-16 00:57:01,37.7855,38.6237,52.97,53,0,4.68,clear sky,0.0,0.0
445,Batemans Bay,AU,2022-04-16 00:57:01,-35.7167,150.1833,68.09,50,100,2.39,overcast clouds,0.0,0.0
446,Arcos,BR,2022-04-16 00:57:02,-20.2819,-45.5394,63.1,92,0,4.9,clear sky,0.0,0.0
447,Richards Bay,ZA,2022-04-16 00:57:02,-28.783,32.0377,67.35,87,99,14.67,light rain,0.0,0.0
448,Bandarbeyla,SO,2022-04-16 00:57:03,9.4942,50.8122,82.74,70,100,5.91,overcast clouds,0.0,0.0
449,Khilchipur,IN,2022-04-16 00:57:03,24.0333,76.5667,81.52,30,0,10.16,clear sky,0.0,0.0
450,Wattegama,LK,2022-04-16 00:57:04,6.7989,81.4808,75.33,91,21,3.42,few clouds,0.0,0.0
451,Wana,PK,2022-04-16 00:57:04,32.2989,69.5725,63.68,31,1,2.89,clear sky,0.0,0.0
452,Fords,US,2022-04-16 00:57:05,40.5293,-74.316,64.27,31,0,8.99,clear sky,0.0,0.0
453,Shahpura,IN,2022-04-16 00:57:05,27.3833,75.9667,77.67,16,0,6.04,clear sky,0.0,0.0
454,Bartica,GY,2022-04-16 00:57:06,6.4,-58.6167,77.32,96,93,2.64,overcast clouds,0.0,0.0
455,Maridi,SS,2022-04-16 00:57:06,4.9158,29.4742,67.15,96,100,5.55,overcast clouds,0.0,0.0
456,Dauriya,RU,2022-04-16 00:57:07,49.9333,116.8667,41.18,49,100,8.59,overcast clouds,0.0,0.0
457,Pottsville,US,2022-04-16 00:57:07,40.6857,-76.1955,60.44,55,79,10.78,broken clouds,0.0,0.0
458,Roald,NO,2022-04-16 00:57:07,62.5833,6.1333,46.76,93,99,8.05,overcast clouds,0.0,0.0
459,Saint Anthony,US,2022-04-16 00:57:08,45.0205,-93.218,30.29,63,74,5.01,broken clouds,0.0,0.0
460,Fleetwood,GB,2022-04-16 00:57:08,53.9253,-3.0109,50.85,87,100,2.37,overcast clouds,0.0,0.0
461,Severo-Kurilsk,RU,2022-04-16 00:57:08,50.6789,156.125,32.14,82,99,2.42,overcast clouds,0.0,0.0
462,Naze,JP,2022-04-16 00:57:09,28.3667,129.4833,65.32,61,30,20.69,scattered clouds,0.0,0.0
463,Desbiens,CA,2022-04-16 00:57:09,48.4178,-71.9495,40.96,81,85,7.61,overcast clouds,0.0,0.0
464,Kihei,US,2022-04-16 00:57:09,20.785,-156.4656,77.97,86,95,9.1,overcast clouds,0.0,0.0
465,Ilulissat,GL,2022-04-16 00:57:10,69.2167,-51.1,-7.89,93,17,7.23,few clouds,0.0,0.0
466,Barcelos,PT,2022-04-16 00:57:10,41.5388,-8.6151,58.91,90,62,2.53,broken clouds,0.0,0.0
467,Bjornevatn,NO,2022-04-16 00:57:10,69.6672,29.9847,35.22,80,100,3.44,overcast clouds,0.0,0.0
468,Karpathos,GR,2022-04-16 00:57:11,35.507,27.2132,53.56,82,96,2.3,overcast clouds,0.0,0.0
469,Alice Springs,AU,2022-04-16 00:53:24,-23.7,133.8833,87.35,22,5,13.8,clear sky,0.0,0.0
470,Teguldet,RU,2022-04-16 00:57:11,57.3064,88.1667,38.44,93,100,3.56,overcast clouds,0.0,0.0
471,Honiara,SB,2022-04-16 00:56:42,-9.4333,159.95,84.87,68,100,3.67,overcast clouds,0.0,0.0
472,Eyl,SO,2022-04-16 00:57:12,7.9803,49.8164,79.16,80,15,1.77,few clouds,0.0,0.0
473,Qianan,CN,2022-04-16 00:57:12,44.9932,124.0581,54.61,28,65,15.28,broken clouds,0.0,0.0
474,Puerto Ayacucho,VE,2022-04-16 00:57:12,5.6639,-67.6236,77.52,79,94,4.74,overcast clouds,0.0,0.0
475,Warrnambool,AU,2022-04-16 00:57:13,-38.3833,142.4833,69.82,67,7,1.36,clear sky,0.0,0.0
476,Kidal,ML,2022-04-16 00:54:58,18.4411,1.4078,77.77,12,24,11.43,few clouds,0.0,0.0
477,Severnoye,RU,2022-04-16 00:57:13,56.3491,78.3619,43.56,67,83,9.46,broken clouds,0.0,0.0
478,Skorodnoye,RU,2022-04-16 00:57:14,51.071,37.2276,48.2,78,100,10.96,overcast clouds,0.0,0.0
479,Barsovo,RU,2022-04-16 00:57:15,61.1667,73.1667,48.33,85,100,11.07,overcast clouds,0.0,0.0
480,Tigil,RU,2022-04-16 00:53:03,57.8,158.6667,29.25,89,100,12.68,light snow,0.0,0.0
481,Tallahassee,US,2022-04-16 00:57:15,30.4383,-84.2807,73.85,63,1,6.35,clear sky,0.0,0.0
482,Amapa,BR,2022-04-16 00:57:16,1.0,-52.0,71.78,99,100,1.77,overcast clouds,0.0,0.0
483,Port Macquarie,AU,2022-04-16 00:57:16,-31.4333,152.9167,73.89,58,98,6.91,overcast clouds,0.0,0.0
484,Hukuntsi,BW,2022-04-16 00:57:17,-24.0,21.75,63.88,46,31,11.5,scattered clouds,0.0,0.0
485,Morgan City,US,2022-04-16 00:57:17,29.6994,-91.2068,76.01,88,6,9.53,clear sky,0.0,0.0
486,Muzhi,RU,2022-04-16 00:57:17,65.3667,64.6667,20.07,86,97,10.0,overcast clouds,0.0,0.0
487,Puerto Lempira,HN,2022-04-16 00:57:18,15.2667,-83.7667,80.74,78,40,9.22,scattered clouds,0.0,0.0
488,Hurghada,EG,2022-04-16 00:57:18,27.2574,33.8129,71.64,35,0,6.91,clear sky,0.0,0.0
489,Bengkulu,ID,2022-04-16 00:57:18,-3.8004,102.2655,78.44,84,100,3.04,overcast clouds,0.0,0.0
490,Kalyazin,RU,2022-04-16 00:57:19,57.2403,37.8433,32.02,99,100,12.82,snow,0.0,0.0
491,Samagaltay,RU,2022-04-16 00:57:19,50.6022,95.0047,35.42,35,49,1.68,scattered clouds,0.0,0.0
492,Itoman,JP,2022-04-16 00:57:20,26.1247,127.6694,73.42,56,40,19.57,scattered clouds,0.0,0.0
493,Dmitriyevka,RU,2022-04-16 00:57:20,54.75,55.3333,40.55,90,100,14.41,overcast clouds,0.0,0.0
494,Prainha,BR,2022-04-16 00:57:20,-1.8,-53.48,74.37,97,100,3.13,overcast clouds,0.0,0.0
495,Puerto Narino,CO,2022-04-16 00:57:21,-3.7703,-70.3831,73.22,95,99,2.62,overcast clouds,0.0,0.0
496,Shorapur,IN,2022-04-16 00:57:21,16.5167,76.75,83.68,39,100,7.83,overcast clouds,0.0,0.0
497,Rawson,AR,2022-04-16 00:57:21,-43.3002,-65.1023,64.13,55,1,13.06,clear sky,0.0,0.0
498,Bereznik,RU,2022-04-16 00:57:22,62.8551,42.7072,19.33,96,17,3.94,few clouds,0.0,0.0
499,Hue,VN,2022-04-16 00:54:46,16.4667,107.6,78.91,94,40,2.3,mist,0.0,0.0
500,Arraias,BR,2022-04-16 00:57:22,-12.9288,-46.9437,69.35,89,100,1.3,overcast clouds,0.0,0.0
501,Callaguip,PH,2022-04-16 00:57:23,18.0714,120.4867,82.42,65,20,5.75,few clouds,0.0,0.0
502,Lithgow,AU,2022-04-16 00:57:23,-33.4833,150.15,63.48,48,21,3.98,few clouds,0.0,0.0
503,Chicama,PE,2022-04-16 00:57:23,-7.8447,-79.1469,61.34,77,60,6.8,broken clouds,0.0,0.0
504,Bagua Grande,PE,2022-04-16 00:57:24,-5.7561,-78.4411,76.03,87,96,2.21,light rain,0.0,0.0
505,Catamarca,AR,2022-04-16 00:57:24,-28.4696,-65.7852,59.47,69,12,12.46,few clouds,0.0,0.0
506,Ulladulla,AU,2022-04-16 00:53:44,-35.35,150.4667,72.77,62,100,3.38,overcast clouds,0.0,0.0
507,Puerto Leguizamo,CO,2022-04-16 00:57:25,-0.1934,-74.7819,72.63,97,80,1.41,broken clouds,0.0,0.0
508,Paamiut,GL,2022-04-16 00:57:25,61.994,-49.6678,22.5,78,17,13.91,few clouds,0.0,0.0
509,Irondequoit,US,2022-04-16 00:54:34,43.2134,-77.5797,54.88,61,99,1.99,overcast clouds,0.0,0.0
510,Pajapan,MX,2022-04-16 00:57:25,18.25,-94.7,77.45,86,78,8.68,broken clouds,0.0,0.0
511,Bahir Dar,ET,2022-04-16 00:57:26,11.5936,37.3908,68.81,61,100,1.61,light rain,0.0,0.0
512,Damghan,IR,2022-04-16 00:57:26,36.1683,54.348,55.2,58,0,4.68,clear sky,0.0,0.0
513,Meadow Lake,US,2022-04-16 00:57:26,34.8014,-106.5436,75.49,3,100,16.2,overcast clouds,0.0,0.0
514,Zachary,US,2022-04-16 00:57:27,30.6485,-91.1565,76.69,94,9,6.26,clear sky,0.0,0.0
515,Xining,CN,2022-04-16 00:57:27,36.6167,101.7667,41.29,70,88,1.16,overcast clouds,0.0,0.0
516,Robertsport,LR,2022-04-16 00:57:27,6.7533,-11.3686,79.45,89,66,8.28,broken clouds,0.0,0.0
517,Glogow,PL,2022-04-16 00:57:28,51.6636,16.0845,39.06,80,100,10.76,overcast clouds,0.0,0.0
518,Mayumba,GA,2022-04-16 00:57:28,-3.432,10.6554,77.18,89,96,2.3,overcast clouds,0.0,0.0
519,Licata,IT,2022-04-16 00:57:28,37.1071,13.9461,55.89,55,100,12.77,overcast clouds,0.0,0.0
520,Whitehorse,CA,2022-04-16 00:57:29,60.7161,-135.0538,44.1,15,40,3.44,scattered clouds,0.0,0.0
521,Itanhem,BR,2022-04-16 00:57:29,-17.1664,-40.33,70.05,93,100,5.64,light rain,0.0,0.0
522,Ternate,ID,2022-04-16 00:57:29,0.8,127.4,84.33,71,92,4.7,overcast clouds,0.0,0.0
523,Mandera,KE,2022-04-16 00:57:30,3.9366,41.867,80.49,67,96,8.66,light rain,0.0,0.0
524,Traverse City,US,2022-04-16 00:57:30,44.7631,-85.6206,34.74,60,92,9.46,overcast clouds,0.0,0.0
525,Kamaishi,JP,2022-04-16 00:57:30,39.2667,141.8833,40.53,81,100,14.03,overcast clouds,0.0,0.0
526,Celestun,MX,2022-04-16 00:57:31,20.8667,-90.4,80.04,78,60,18.21,broken clouds,0.0,0.0
527,Quthing,LS,2022-04-16 00:57:31,-30.4,27.7003,49.8,84,100,6.76,overcast clouds,0.0,0.0
528,Manicore,BR,2022-04-16 00:53:46,-5.8092,-61.3003,73.44,99,100,2.19,overcast clouds,0.0,0.0
529,Asgabat,TM,2022-04-16 00:57:32,37.95,58.3833,58.86,63,40,11.5,scattered clouds,0.0,0.0
530,Nizhniy Kuranakh,RU,2022-04-16 00:57:32,58.8353,125.4869,25.83,77,100,5.93,overcast clouds,0.0,0.0
531,Sao Geraldo Do Araguaia,BR,2022-04-16 00:57:32,-6.4006,-48.555,74.43,96,31,1.99,scattered clouds,0.0,0.0
532,Troitsko-Pechorsk,RU,2022-04-16 00:57:32,62.7084,56.1964,23.9,94,100,12.64,light snow,0.0,0.0
533,Omboue,GA,2022-04-16 00:57:33,-1.5746,9.2618,77.05,90,100,1.48,overcast clouds,0.0,0.0
534,Comodoro Rivadavia,AR,2022-04-16 00:57:33,-45.8667,-67.5,64.26,45,0,24.16,clear sky,0.0,0.0
535,Mogadishu,SO,2022-04-16 00:53:18,2.0371,45.3438,81.03,79,93,6.51,overcast clouds,0.0,0.0
536,Lander,US,2022-04-16 00:57:34,42.833,-108.7307,42.98,35,0,17.65,clear sky,0.0,0.0
537,Mana,GF,2022-04-16 00:57:34,5.6592,-53.7767,77.4,87,98,9.06,overcast clouds,0.0,0.0
538,Gondanglegi,ID,2022-04-16 00:57:35,-7.7479,112.0132,82.26,75,19,5.99,few clouds,0.0,0.0
539,Oistins,BB,2022-04-16 00:57:36,13.0667,-59.5333,78.89,78,20,19.57,few clouds,0.0,0.0
540,Buchanan,LR,2022-04-16 00:57:37,5.8808,-10.0467,79.32,88,64,4.92,broken clouds,0.0,0.0
541,Abbeville,FR,2022-04-16 00:57:37,50.1,1.8333,50.49,90,94,6.73,overcast clouds,0.0,0.0
542,Ozimek,PL,2022-04-16 00:57:38,50.6794,18.2137,42.37,95,100,13.22,light rain,0.0,0.0
543,Colon,PA,2022-04-16 00:57:39,9.3592,-79.9014,81.36,84,58,9.93,broken clouds,0.0,0.0
544,Thinadhoo,MV,2022-04-16 00:57:39,0.5333,72.9333,82.58,72,13,3.29,few clouds,0.0,0.0
545,Lagoa,PT,2022-04-16 00:57:39,39.05,-27.9833,58.89,71,100,11.92,overcast clouds,0.0,0.0
546,Shushtar,IR,2022-04-16 00:57:40,32.0455,48.8567,70.97,31,4,0.56,clear sky,0.0,0.0
547,Falkirk,GB,2022-04-16 00:57:40,55.9992,-3.7871,54.16,83,100,2.44,overcast clouds,0.0,0.0
548,Oranjemund,NA,2022-04-16 00:57:40,-28.55,16.4333,55.38,78,0,11.52,clear sky,0.0,0.0
549,Lata,PT,2022-04-16 00:57:41,40.1629,-8.3327,51.87,90,100,1.52,overcast clouds,0.0,0.0
550,Hokitika,NZ,2022-04-16 00:57:41,-42.7167,170.9667,60.91,80,100,15.66,overcast clouds,0.0,0.0
551,Probolinggo,ID,2022-04-16 00:57:42,-7.7543,113.2159,84.16,65,100,1.74,overcast clouds,0.0,0.0
552,Barinas,VE,2022-04-16 00:57:42,8.6226,-70.2075,82.44,65,100,2.3,overcast clouds,0.0,0.0
553,Orcopampa,PE,2022-04-16 00:57:42,-15.2661,-72.3417,47.71,39,9,1.95,clear sky,0.0,0.0
554,Talnakh,RU,2022-04-16 00:57:43,69.4865,88.3972,23.31,94,100,10.58,light snow,0.0,0.0
555,Padang,ID,2022-04-16 00:57:43,-0.9492,100.3543,78.85,78,100,1.7,overcast clouds,0.0,0.0
556,Kiama,AU,2022-04-16 00:57:44,-34.6833,150.8667,74.25,74,73,2.42,broken clouds,0.0,0.0
557,Mataram,ID,2022-04-16 00:57:44,-8.5833,116.1167,85.01,73,86,3.31,overcast clouds,0.0,0.0
558,Tonekabon,IR,2022-04-16 00:57:45,36.8163,50.8738,48.15,67,75,3.49,broken clouds,0.0,0.0
559,Bethanien,NA,2022-04-16 00:57:45,-26.502,17.1583,56.23,25,0,2.26,clear sky,0.0,0.0
560,At-Bashi,KG,2022-04-16 00:57:46,41.1702,75.8106,42.48,52,0,2.93,clear sky,0.0,0.0
561,Barranca,PE,2022-04-16 00:57:46,-10.75,-77.7667,65.77,84,80,10.85,broken clouds,0.0,0.0
562,Los Barrios,ES,2022-04-16 00:57:46,36.1848,-5.4921,56.55,87,7,4.54,clear sky,0.0,0.0
563,Pavlodar,KZ,2022-04-16 00:57:47,52.3,76.95,40.8,56,0,8.95,clear sky,0.0,0.0
564,Broome,US,2022-04-16 00:57:47,42.2506,-75.833,58.98,60,100,1.99,overcast clouds,0.0,0.0
565,Northam,GB,2022-04-16 00:57:48,51.0333,-4.2167,52.61,94,45,3.76,scattered clouds,0.0,0.0
566,Powell River,CA,2022-04-16 00:55:38,49.8496,-124.5361,48.47,49,75,5.75,broken clouds,0.0,0.0
567,Northport,US,2022-04-16 00:57:48,33.229,-87.5772,63.81,61,0,5.91,clear sky,0.0,0.0
568,Bainbridge,US,2022-04-16 00:57:48,47.6262,-122.5212,54.91,45,94,4.0,overcast clouds,0.0,0.0
569,Ouallam,NE,2022-04-16 00:57:49,14.3188,2.0866,83.34,52,99,12.71,overcast clouds,0.0,0.0
570,Taonan,CN,2022-04-16 00:57:49,45.3333,122.7833,55.18,24,79,14.88,broken clouds,0.0,0.0
571,Bosaso,SO,2022-04-16 00:57:49,11.2842,49.1816,82.17,72,43,10.4,scattered clouds,0.0,0.0
572,Khani,GE,2022-04-16 00:57:50,41.9563,42.9566,31.57,82,11,4.94,few clouds,0.0,0.0
573,North Bend,US,2022-04-16 00:53:50,43.4065,-124.2243,51.93,80,0,12.66,clear sky,0.0,0.0
574,Serenje,ZM,2022-04-16 00:57:50,-13.2325,30.2352,61.23,98,42,4.45,scattered clouds,0.0,0.0
575,Pandaan,ID,2022-04-16 00:57:50,-7.6527,112.6875,80.1,67,99,1.01,overcast clouds,0.0,0.0
576,Codajas,BR,2022-04-16 00:57:51,-3.8367,-62.0569,73.26,99,100,2.75,light rain,0.0,0.0
577,Sayyan,YE,2022-04-16 00:57:51,15.1718,44.3244,57.76,45,2,3.4,clear sky,0.0,0.0
578,Mount Isa,AU,2022-04-16 00:57:51,-20.7333,139.5,87.57,29,0,10.36,clear sky,0.0,0.0
579,Sargatskoye,RU,2022-04-16 00:57:52,55.6101,73.4972,51.69,47,99,13.09,overcast clouds,0.0,0.0
580,Vardo,NO,2022-04-16 00:57:52,70.3705,31.1107,36.25,91,100,24.61,overcast clouds,0.0,0.0
581,Gawler,AU,2022-04-16 00:57:52,-34.6,138.7333,81.25,45,0,6.24,clear sky,0.0,0.0
582,Sao Filipe,CV,2022-04-16 00:57:53,14.8961,-24.4956,70.75,77,5,7.0,clear sky,0.0,0.0
583,Abu Dhabi,AE,2022-04-16 00:57:53,24.4667,54.3667,84.31,73,0,1.14,clear sky,0.0,0.0
584,Mimongo,GA,2022-04-16 00:57:54,-1.6195,11.6068,68.29,98,92,2.28,overcast clouds,0.0,0.0
585,Maloy,NO,2022-04-16 00:57:54,61.9353,5.1136,46.72,74,34,11.16,scattered clouds,0.0,0.0
586,Ullapool,GB,2022-04-16 00:57:54,57.8987,-5.1604,56.35,88,100,3.31,overcast clouds,0.0,0.0
587,Nur,PL,2022-04-16 00:57:55,52.6683,22.3221,39.45,88,100,15.86,overcast clouds,0.0,0.0
588,Yangambi,CD,2022-04-16 00:57:55,0.8102,24.4336,69.22,99,100,1.07,overcast clouds,0.0,0.0
589,Ixtapa,MX,2022-04-16 00:57:55,20.7,-105.2,75.22,80,100,1.99,overcast clouds,0.0,0.0
590,Bermeo,ES,2022-04-16 00:57:56,43.4209,-2.7215,58.24,88,0,6.29,clear sky,0.0,0.0
591,Mufumbwe,ZM,2022-04-16 00:57:56,-13.6833,24.8,63.86,97,100,4.29,overcast clouds,0.0,0.0
592,Kayerkan,RU,2022-04-16 00:57:56,69.3497,87.7602,21.02,93,100,13.85,light snow,0.0,0.0
593,Hede,CN,2022-04-16 00:57:57,33.7681,120.2517,56.88,35,100,8.14,overcast clouds,0.0,0.0
594,Komsomolskiy,UZ,2022-04-16 00:57:57,40.4272,71.7189,59.72,51,3,9.22,clear sky,0.0,0.0
595,Cascais,PT,2022-04-16 00:57:57,38.6979,-9.4215,59.97,71,15,12.35,few clouds,0.0,0.0
596,Coari,BR,2022-04-16 00:53:08,-4.085,-63.1414,74.21,97,100,3.47,overcast clouds,0.0,0.0
597,Gimli,CA,2022-04-16 00:57:58,50.6336,-96.9907,21.22,53,100,12.66,overcast clouds,0.0,0.0
598,Muskogee,US,2022-04-16 00:54:22,35.5834,-95.3336,74.55,91,17,10.22,few clouds,0.0,0.0
599,Salihorsk,BY,2022-04-16 00:57:59,52.7876,27.5415,40.87,94,100,14.63,light rain,0.0,0.0
600,Odweyne,SO,2022-04-16 00:57:59,9.4092,45.064,76.98,53,44,4.85,scattered clouds,0.0,0.0
601,Aykhal,RU,2022-04-16 00:58:00,66.0,111.5,11.16,90,100,8.48,overcast clouds,0.0,0.0
602,Kuytun,RU,2022-04-16 00:58:00,54.3419,101.5036,42.17,68,94,9.84,overcast clouds,0.0,0.0
603,Egvekinot,RU,2022-04-16 00:58:00,66.3167,-179.1667,18.73,83,100,15.03,overcast clouds,0.0,0.0
604,Wilmington,US,2022-04-16 00:57:35,34.2257,-77.9447,63.86,60,94,1.99,overcast clouds,0.0,0.0
605,Vila Velha,BR,2022-04-16 00:58:01,-20.3297,-40.2925,75.15,73,40,8.05,scattered clouds,0.0,0.0
606,Najran,SA,2022-04-16 00:57:37,17.4924,44.1277,74.05,44,3,5.39,clear sky,0.0,0.0
607,Tabora,TZ,2022-04-16 00:58:02,-5.0167,32.8,64.06,82,100,1.57,overcast clouds,0.0,0.0
608,Zhezkazgan,KZ,2022-04-16 00:58:02,47.8043,67.7144,56.26,35,99,6.4,overcast clouds,0.0,0.0
609,Pinawa,CA,2022-04-16 00:58:02,50.1489,-95.8811,20.23,94,100,10.54,overcast clouds,0.0,0.0
610,Bemidji,US,2022-04-16 00:58:03,47.4736,-94.8803,19.9,80,100,13.8,overcast clouds,0.0,0.0
611,Oriximina,BR,2022-04-16 00:58:03,-1.7656,-55.8661,75.4,93,100,2.51,overcast clouds,0.0,0.0
612,Korla,CN,2022-04-16 00:58:03,41.7597,86.1469,47.16,12,0,4.85,clear sky,0.0,0.0
613,Fort Nelson,CA,2022-04-16 00:53:31,58.8053,-122.7002,40.59,22,20,5.75,few clouds,0.0,0.0
614,Tabatinga,BR,2022-04-16 00:58:04,-4.2525,-69.9381,80.69,89,40,0.0,scattered clouds,0.0,0.0
615,Pacific Grove,US,2022-04-16 00:58:04,36.6177,-121.9166,63.9,73,100,7.0,overcast clouds,0.0,0.0
616,Toamasina,MG,2022-04-16 00:58:05,-18.1667,49.3833,75.2,100,75,0.0,broken clouds,0.0,0.0
617,Birao,CF,2022-04-16 00:58:05,10.2849,22.7882,81.68,33,100,8.84,overcast clouds,0.0,0.0
618,Pasco,US,2022-04-16 00:58:05,28.292,-82.4165,79.05,66,32,1.01,scattered clouds,0.0,0.0
619,Benguela,AO,2022-04-16 00:58:06,-12.5763,13.4055,76.06,89,100,3.67,overcast clouds,0.0,0.0
620,Batticaloa,LK,2022-04-16 00:58:06,7.7102,81.6924,79.27,86,32,7.2,scattered clouds,0.0,0.0
621,Quatre Cocos,MU,2022-04-16 00:55:08,-20.2078,57.7625,76.08,81,86,21.43,light rain,0.0,0.0
622,Gotsu,JP,2022-04-16 00:58:07,35.0,132.2167,53.4,58,100,15.7,overcast clouds,0.0,0.0
623,Cockburn Town,TC,2022-04-16 00:58:07,21.4612,-71.1419,77.47,81,59,23.58,broken clouds,0.0,0.0
624,Juliaca,PE,2022-04-16 00:58:08,-15.5,-70.1333,41.22,45,0,4.38,clear sky,0.0,0.0
625,Awbari,LY,2022-04-16 00:58:08,26.5921,12.7805,69.12,24,0,10.58,clear sky,0.0,0.0
626,Kampene,CD,2022-04-16 00:58:08,-3.6,26.6667,66.78,97,100,1.19,overcast clouds,0.0,0.0
627,Mantua,IT,2022-04-16 00:58:09,45.1667,10.7833,53.06,72,9,1.01,clear sky,0.0,0.0
628,Ejea De Los Caballeros,ES,2022-04-16 00:58:09,42.1263,-1.1372,59.22,88,0,8.46,clear sky,0.0,0.0
629,Timberlake,US,2022-04-16 00:58:09,37.3207,-79.2575,63.21,53,100,4.68,overcast clouds,0.0,0.0
630,Chimbote,PE,2022-04-16 00:58:10,-9.0853,-78.5783,65.7,87,63,8.63,broken clouds,0.0,0.0
631,Zaysan,KZ,2022-04-16 00:58:10,47.4667,84.8667,45.27,21,0,1.03,clear sky,0.0,0.0
632,Sisimiut,GL,2022-04-16 00:54:14,66.9395,-53.6735,12.06,73,38,10.02,scattered clouds,0.0,0.0
633,Waingapu,ID,2022-04-16 00:58:10,-9.6567,120.2641,84.85,73,33,6.26,scattered clouds,0.0,0.0
634,Pedro Carbo,EC,2022-04-16 00:58:11,-1.8333,-80.2333,73.9,93,77,4.41,light rain,0.0,0.0
635,Gonaives,HT,2022-04-16 00:58:11,19.45,-72.6833,77.83,76,9,4.61,clear sky,0.0,0.0
636,Porto Tolle,IT,2022-04-16 00:58:11,44.9497,12.3245,54.68,53,7,5.82,clear sky,0.0,0.0
637,Khorixas,NA,2022-04-16 00:58:12,-20.3667,14.9667,66.76,54,4,1.39,clear sky,0.0,0.0
638,Konevo,RU,2022-04-16 00:55:35,62.1215,39.3192,22.01,96,10,4.09,clear sky,0.0,0.0
639,Ostrovnoy,RU,2022-04-16 00:54:55,68.0531,39.5131,15.12,95,74,8.72,broken clouds,0.0,0.0
640,Talant,FR,2022-04-16 00:58:12,47.3369,5.0089,54.21,67,0,3.44,clear sky,0.0,0.0
641,Hameenlinna,FI,2022-04-16 00:58:05,60.996,24.4643,27.81,96,17,4.54,few clouds,0.0,0.0
642,Qrendi,MT,2022-04-16 00:58:13,35.8347,14.4583,58.66,88,75,12.66,broken clouds,0.0,0.0
643,Wajir,KE,2022-04-16 00:58:13,1.7471,40.0573,78.93,73,95,10.6,overcast clouds,0.0,0.0
644,Kommunisticheskiy,RU,2022-04-16 00:58:13,61.6789,64.4819,30.96,97,100,5.37,overcast clouds,0.0,0.0
645,Belmonte,BR,2022-04-16 00:58:14,-15.8631,-38.8828,76.17,95,100,14.43,light rain,0.0,0.0
646,Tabalosos,PE,2022-04-16 00:58:14,-6.35,-76.6833,64.6,99,81,1.68,broken clouds,0.0,0.0
647,Eureka,US,2022-04-16 00:58:15,40.8021,-124.1637,51.67,75,100,1.01,overcast clouds,0.0,0.0
648,Necochea,AR,2022-04-16 00:58:15,-38.5473,-58.7368,55.63,67,3,9.42,clear sky,0.0,0.0
649,Dhidhdhoo,MV,2022-04-16 00:56:54,6.8833,73.1,84.33,69,90,8.08,overcast clouds,0.0,0.0
650,Leningradskiy,RU,2022-04-16 00:58:16,69.3833,178.4167,13.14,87,100,9.98,overcast clouds,0.0,0.0
651,Jiamusi,CN,2022-04-16 00:58:16,46.8333,130.35,53.82,30,32,11.95,scattered clouds,0.0,0.0
652,Huarmey,PE,2022-04-16 00:58:17,-10.0681,-78.1522,67.64,84,71,12.86,broken clouds,0.0,0.0
653,Paldiski,EE,2022-04-16 00:58:17,59.3567,24.0531,35.85,69,0,8.05,clear sky,0.0,0.0
654,Lucea,JM,2022-04-16 00:58:17,18.451,-78.1736,80.46,77,2,6.29,clear sky,0.0,0.0
655,Hope,US,2022-04-16 00:58:18,33.6671,-93.5916,73.08,98,100,6.24,overcast clouds,0.0,0.0
656,Qui Nhon,VN,2022-04-16 00:58:18,13.7667,109.2333,80.2,84,87,3.04,overcast clouds,0.0,0.0
657,Gushikawa,JP,2022-04-16 00:58:18,26.3544,127.8686,72.63,60,20,18.23,few clouds,0.0,0.0
658,Rawlins,US,2022-04-16 00:56:30,41.7911,-107.2387,42.35,39,97,19.73,overcast clouds,0.0,0.0
659,Tommot,RU,2022-04-16 00:58:19,58.9564,126.2925,27.45,73,100,7.27,overcast clouds,0.0,0.0
660,Suclayin,PH,2022-04-16 00:58:19,15.7568,121.5503,78.39,91,99,5.59,overcast clouds,0.0,0.0
661,May Pen,JM,2022-04-16 00:58:19,17.9645,-77.2451,81.61,84,0,1.45,clear sky,0.0,0.0
662,Namatanai,PG,2022-04-16 00:53:40,-3.6667,152.4333,85.21,67,26,4.38,scattered clouds,0.0,0.0
663,Isiro,CD,2022-04-16 00:58:20,2.7739,27.616,65.66,96,100,1.68,light rain,0.0,0.0
664,Nishihara,JP,2022-04-16 00:58:01,26.1842,127.7558,72.68,56,40,19.57,scattered clouds,0.0,0.0
665,Samarai,PG,2022-04-16 00:58:20,-10.6167,150.6667,83.37,72,100,8.48,overcast clouds,0.0,0.0
666,Beidao,CN,2022-04-16 00:54:57,34.5686,105.8933,44.15,74,100,3.06,light rain,0.0,0.0
667,Vicksburg,US,2022-04-16 00:58:21,32.3526,-90.8779,71.33,94,100,4.61,overcast clouds,0.0,0.0
668,Loikaw,MM,2022-04-16 00:58:21,19.6742,97.2094,79.59,49,11,1.41,few clouds,0.0,0.0
669,Adana,TR,2022-04-16 00:58:22,36.985,35.2881,53.62,66,0,3.44,clear sky,0.0,0.0
670,Mayskiy,RU,2022-04-16 00:58:22,47.6931,40.1025,44.01,93,89,5.41,overcast clouds,0.0,0.0
671,Mazagao,BR,2022-04-16 00:58:22,-0.115,-51.2894,80.65,94,100,3.49,moderate rain,0.0,0.0
672,Kieta,PG,2022-04-16 00:58:23,-6.2167,155.6333,83.28,75,100,3.09,light rain,0.0,0.0
673,Trastenik,BG,2022-04-16 00:58:23,43.52,24.4685,49.84,76,0,4.61,clear sky,0.0,0.0
674,Vyazemskiy,RU,2022-04-16 00:58:24,47.5378,134.7525,47.28,45,100,11.18,overcast clouds,0.0,0.0
675,Zhanakorgan,KZ,2022-04-16 00:58:24,43.9098,67.2495,66.38,27,100,7.11,overcast clouds,0.0,0.0
676,Llano De Piedra,PA,2022-04-16 00:58:24,7.6667,-80.5667,76.89,99,61,7.96,broken clouds,0.0,0.0
677,Ambilobe,MG,2022-04-16 00:58:26,-13.2,49.05,74.57,82,21,4.72,few clouds,0.0,0.0
678,Rio Cuarto,AR,2022-04-16 00:55:54,-33.1307,-64.3499,60.48,55,0,9.22,clear sky,0.0,0.0
679,Misratah,LY,2022-04-16 00:58:27,32.3754,15.0925,62.38,86,3,11.34,clear sky,0.0,0.0
680,Chapais,CA,2022-04-16 00:58:27,49.7834,-74.8492,31.78,99,100,0.85,snow,0.0,0.0
681,Poyarkovo,RU,2022-04-16 00:58:28,49.6,128.6833,40.64,47,52,17.4,broken clouds,0.0,0.0
682,Bardiyah,LY,2022-04-16 00:58:28,31.7561,25.0865,62.44,64,100,17.65,overcast clouds,0.0,0.0
683,Moerai,PF,2022-04-16 00:58:28,-22.4333,-151.3333,80.58,69,12,9.15,few clouds,0.0,0.0
684,Taua,BR,2022-04-16 00:58:29,-5.9667,-40.3,76.55,75,99,5.53,overcast clouds,0.0,0.0
685,Kayan,MM,2022-04-16 00:58:29,16.9056,96.5631,80.74,72,16,4.52,few clouds,0.0,0.0
686,Nabisar,PK,2022-04-16 00:58:30,25.0685,69.6419,77.95,62,0,16.42,clear sky,0.0,0.0
687,Lahaina,US,2022-04-16 00:58:30,20.8783,-156.6825,77.95,86,94,11.27,overcast clouds,0.0,0.0
688,Nome,US,2022-04-16 00:58:30,64.5011,-165.4064,35.11,83,100,22.46,light snow,0.0,0.0
689,Whakatane,NZ,2022-04-16 00:58:31,-37.9585,176.9854,67.77,98,92,3.74,overcast clouds,0.0,0.0
690,Minab,IR,2022-04-16 00:58:31,27.1467,57.0801,81.9,44,12,4.65,few clouds,0.0,0.0
691,Morro Bay,US,2022-04-16 00:58:32,35.3658,-120.8499,70.38,74,97,5.99,overcast clouds,0.0,0.0
692,Barguzin,RU,2022-04-16 00:58:32,53.6167,109.6167,38.55,84,98,7.18,overcast clouds,0.0,0.0
